{
"1672858410.7646747": 470,
"1672858425.4835248": 470,
"1672858444.6194468": 472,
"1672858455.6582997": 473,
"1672858459.2216103": 473,
"1672858462.6495903": 474